Ref_material,R15alpha,R15beta
ATM,0.00373422105,0.00366436755
S2,0.003696904575,00.003629183445
B6,0.003675014821,0.003675955330
S1,0.003734221050,0.003664698435
CA06261,0.003594844935,0.003495322080
53504,0.003682786815,0.004023708660
CA08214,0.003739404915,0.003663889605
90454,0.003771096345,0.003770030160
94321,0.003862236780,0.003684625065
6281195,0.003677014710,0.003676389705