,d15Nbulk,d17O,d18O
0,6.220318143703718,23.184854106174548,45.420222711976876
1,0.39399419819985404,21.639630589042724,42.36269302555273
2,7.019050732920862,23.27057584672132,45.589966987490186
3,-3.540786514779848,17.183123306251822,33.568893149070746
4,5.6080109260125965,22.29301703872877,43.65501816283546
5,-10.052400659984585,22.012171519980804,43.09944224942175
6,6.311121779320139,22.164344951813632,43.40045791964919
7,-3.74976093733137,16.512319852568957,32.24835324824804
