,15Rbulk,18R,D17O,17R
0,0.003699368999655327,0.002096276630582056,0.0,0.0003887079260749357
1,0.003677948519669682,0.0020901456720548383,0.0,0.00038812089566077736
2,0.0037023055400195832,0.002096617001803315,0.0,0.0003887404917641695
3,0.003663482298378412,0.002072512344542517,0.0,0.00038642786854404507
4,0.0036971178521694858,0.0020927370424201177,0.0,0.00038836911717301305
5,0.0036395423489735666,0.0020916230015985402,0.0,0.0003882624239604407
6,0.003699702839221671,0.0020922265982204805,0.0,0.00038832023464719403
7,0.0036627140039139014,0.002069864397933387,0.0,0.00038617303031199094
